web-scraper-order,web-scraper-start-url,marque,marque-href,prix,adresse,image-src
"1708088842-1","https://dakarvente.com/index.php?page=annonces_categorie&id=8&sort=&nb=4","Chevrolet Equinoxe à louer","https://www.dakarvente.com/annonce-4756-darou-rakhmane-trading-location-de-chevrolet-quinoxe.html","","Nord Foire","media/annonces/pics/thumbs/6bf0b7a2e5e0675b57a4494a621a14dc.jpg"
"1708088842-2","https://dakarvente.com/index.php?page=annonces_categorie&id=8&sort=&nb=4","Location véhicules","https://www.dakarvente.com/annonce-4687-location-vhicules-louer.html","25 000 FCFA","Amitié","media/annonces/pics/thumbs/1ac9aec248070b20d0d0d3946f417174.jpeg"
"1708088842-3","https://dakarvente.com/index.php?page=annonces_categorie&id=8&sort=&nb=4","ORGANISEUR POUR VOITURE","https://www.dakarvente.com/annonce-3352-organiseur-pour-voiture.html","8 500 FCFA","Dakar","media/annonces/pics/thumbs/ff283a4ef0e2c75c782ee031ba194f63.jpg"
"1708088842-4","https://dakarvente.com/index.php?page=annonces_categorie&id=8&sort=&nb=4","Bateau à louer","https://www.dakarvente.com/annonce-3079-bateau-louer.html","90 000 FCFA","Somone","media/annonces/pics/thumbs/f3fe90a0ee4bb8c0e3232774052718cf.jpg"
"1708088842-5","https://dakarvente.com/index.php?page=annonces_categorie&id=8&sort=&nb=4","Location  nissan juke","https://www.dakarvente.com/annonce-1378-location-nissan-juke.html","50 000 FCFA","Plateau","img/nophoto.png"
"1708088842-6","https://dakarvente.com/index.php?page=annonces_categorie&id=8&sort=&nb=4","loue voiture toutes marque à partir de 25 000 cfa","https://www.dakarvente.com/annonce-2301-loue-voiture-toutes-marque-partir-de-25-000-cfa.html","30 000 FCFA","Ouest Foire","media/annonces/pics/thumbs/238760a28f9060a5d01fcf5ecd260e2a.png"
"1708088842-7","https://dakarvente.com/index.php?page=annonces_categorie&id=8&sort=&nb=4","Toyota sequoia v8 a louer","https://www.dakarvente.com/annonce-2070-toyota-sequoia-v8-a-louer.html","100 000 FCFA","Plateau","media/annonces/pics/thumbs/516fe4d4d1e6c03dbbf60241d5bbeeaa.jpg"
"1708088842-8","https://dakarvente.com/index.php?page=annonces_categorie&id=8&sort=&nb=4","Location de voiture cobalt","https://www.dakarvente.com/annonce-1302-location-de-voiture-cobalt.html","25 000 FCFA","Plateau","media/annonces/pics/thumbs/b8beb78f2536162ef279fa99eb2c6e15.jpg"
"1708088842-9","https://dakarvente.com/index.php?page=annonces_categorie&id=8&sort=&nb=4","Nissan juke","https://www.dakarvente.com/annonce-1377-nissane-juke.html","50 000 FCFA","Plateau","media/annonces/pics/thumbs/efc3fa21f902e1e8691a6d23e14eb5d8.jpg"
"1708088842-10","https://dakarvente.com/index.php?page=annonces_categorie&id=8&sort=&nb=4","Toyota yaris sedan","https://www.dakarvente.com/annonce-1233-toyota-yaris-sedan.html","20 000 FCFA","Plateau","media/annonces/pics/thumbs/2edb1d489a6de9f9c188533b89c779ca.jpg"
"1708088842-11","https://dakarvente.com/index.php?page=annonces_categorie&id=8&sort=&nb=4","Sen service location loue des voiture des marques","https://www.dakarvente.com/annonce-702-sen-service-location-loue-des-voiture-des-marques.html","30 000 FCFA","Plateau","media/annonces/pics/thumbs/15ea8355bee0950e2b7f50a9ad50b086.jpg"
"1708088842-12","https://dakarvente.com/index.php?page=annonces_categorie&id=8&sort=&nb=4","Location de voitures et mini bus avec chauffeur","https://www.dakarvente.com/annonce-648-location-de-voitures-et-mini-bus-avec-chauffeur.html","50 000 FCFA","Plateau","media/annonces/pics/thumbs/baf6b26075945f9226489851936d8d65.jpg"
"1708088842-13","https://dakarvente.com/index.php?page=annonces_categorie&id=8&sort=&nb=4","Location d'une citroen c4","https://www.dakarvente.com/annonce-437-location-d-une-citroen-c4.html","20 000 FCFA","Plateau","media/annonces/pics/thumbs/a86bdb3107f5ddda48690f79dac478e3.jpg"
"1708088849-14","https://dakarvente.com/index.php?page=annonces_categorie&id=8&sort=&nb=3","Location de véhicule","https://www.dakarvente.com/annonce-19134-location-de-vhicule.html","15 000 FCFA","Ouakam","img/nophoto.png"
"1708088849-15","https://dakarvente.com/index.php?page=annonces_categorie&id=8&sort=&nb=3","Location Peugeot Partenaire","https://www.dakarvente.com/annonce-19144-location-peugeot-partenaire.html","25 000 FCFA","Almadies","media/annonces/pics/thumbs/dc77f6009bad26e44286410abce2d895.jpg"
"1708088849-16","https://dakarvente.com/index.php?page=annonces_categorie&id=8&sort=&nb=3","Location de voiture","https://www.dakarvente.com/annonce-18318-location-de-voiture.html","15 000 FCFA","Saly","media/annonces/pics/thumbs/59d2477813b328cea3dbb7180a43673b.jpg"
"1708088849-17","https://dakarvente.com/index.php?page=annonces_categorie&id=8&sort=&nb=3","Location de véhicule","https://www.dakarvente.com/annonce-16867-location-de-vhicule.html","40 000 FCFA","Dakar","media/annonces/pics/thumbs/8d655237141e4f3504144cc5664afbcb.jpg"
"1708088849-18","https://dakarvente.com/index.php?page=annonces_categorie&id=8&sort=&nb=3","Kia Sorento à louer","https://www.dakarvente.com/annonce-16693-kia-sorento-louer.html","35 000 FCFA","Sicap liberté","media/annonces/pics/thumbs/5fe2c39df0696bf785bca141064e934e.jpeg"
"1708088849-19","https://dakarvente.com/index.php?page=annonces_categorie&id=8&sort=&nb=3","Hyundai Santa Fe 2015 7 Places","https://www.dakarvente.com/annonce-15092-hyundai-santa-fe-2015-7-places.html","50 000 FCFA","Plateau","media/annonces/pics/thumbs/332e3d5dd18e21e148d2952509c7dc38.jpeg"
"1708088849-20","https://dakarvente.com/index.php?page=annonces_categorie&id=8&sort=&nb=3","Location voiture Ford Escape 2011","https://www.dakarvente.com/annonce-14556-location-voiture-ford-escape-2011.html","40 000 FCFA","Ouakam","media/annonces/pics/thumbs/ef0ec254b16b01753ea4422825cf52db.jpeg"
"1708088849-21","https://dakarvente.com/index.php?page=annonces_categorie&id=8&sort=&nb=3","Location de voiture avec ou sans chauffeur","https://www.dakarvente.com/annonce-14292-location-de-voiture-avec-ou-sans-chauffeur.html","20 000 FCFA","Thiès","media/annonces/pics/thumbs/326fa40afa5563f6cffbd4dab0ac3dd2.jpg"
"1708088849-22","https://dakarvente.com/index.php?page=annonces_categorie&id=8&sort=&nb=3","Location peugeot 508 avec chauffeur","https://www.dakarvente.com/annonce-13846-location-peugeot-508-avec-chauffeur.html","25 FCFA","Keur Massar","media/annonces/pics/thumbs/a3cde715ee10178008a66e0e1123a65e.jpg"
"1708088849-23","https://dakarvente.com/index.php?page=annonces_categorie&id=8&sort=&nb=3","Location de voitures","https://www.dakarvente.com/annonce-13249-location-de-voitures.html","22 500 FCFA","Liberté 6","media/annonces/pics/thumbs/64a667c3783ba5782e285d8587560ef0.jpeg"
"1708088849-24","https://dakarvente.com/index.php?page=annonces_categorie&id=8&sort=&nb=3","Location Ford Fusion SE Toutes options","https://www.dakarvente.com/annonce-13090-location-ford-fusion-se-toutes-options.html","22 500 FCFA","Almadies","media/annonces/pics/thumbs/671ebe9865ffb2dc1190f7919a190e89.jpg"
"1708088849-25","https://dakarvente.com/index.php?page=annonces_categorie&id=8&sort=&nb=3","Location Mercedes ML350 CDI 4Matic","https://www.dakarvente.com/annonce-12777-location-mercedes-ml350-cdi-4matic.html","45 000 FCFA","Almadies","media/annonces/pics/thumbs/3cf0d97eb82b66d59a506fd2b7835f8f.jpg"
"1708088849-26","https://dakarvente.com/index.php?page=annonces_categorie&id=8&sort=&nb=3","Location de voiture","https://www.dakarvente.com/annonce-12500-location-de-voiture.html","35 000 FCFA","Nord Foire","media/annonces/pics/thumbs/fcb28dfaf18fda9e919c53fff41ea98c.jpeg"
"1708088849-27","https://dakarvente.com/index.php?page=annonces_categorie&id=8&sort=&nb=3","Location de voitures","https://www.dakarvente.com/annonce-12327-location-de-voitures.html","22 500 FCFA","Grand Yoff","media/annonces/pics/thumbs/d64f620e2cec6061bedee0bf33995c5b.jpeg"
"1708088849-28","https://dakarvente.com/index.php?page=annonces_categorie&id=8&sort=&nb=3","Ventes et locations de véhicules","https://www.dakarvente.com/annonce-12274-ventes-et-locations-de-vhicules.html","350 000 FCFA","Rufisque","media/annonces/pics/thumbs/30fbaa7831f664fae4c96dc7b9e6e4d1.jpeg"
"1708088849-29","https://dakarvente.com/index.php?page=annonces_categorie&id=8&sort=&nb=3","Location de voiture avec chauffeur","https://www.dakarvente.com/annonce-11866-location-de-voiture-avec-chauffeur.html","20 000 FCFA","Almadies","media/annonces/pics/thumbs/7fa5d02acf9352fdc3340a2cc5478fb2.jpg"
"1708088849-30","https://dakarvente.com/index.php?page=annonces_categorie&id=8&sort=&nb=3","Location minibus Toyota Hiace 14 places","https://www.dakarvente.com/annonce-11119-location-minibus-toyota-hiace-14-places.html","50 000 FCFA","Yoff","media/annonces/pics/thumbs/e11e48509ffbfa57c5937e548e646004.jpg"
"1708088849-31","https://dakarvente.com/index.php?page=annonces_categorie&id=8&sort=&nb=3","Location véhicule + chauffeur","https://www.dakarvente.com/annonce-10997-location-vhicule-chauffeur.html","30 000 FCFA","Castors","media/annonces/pics/thumbs/50b558537b42d2d0b28e38ae40269c34.jpg"
"1708088849-32","https://dakarvente.com/index.php?page=annonces_categorie&id=8&sort=&nb=3","Location véhicule + chauffeur","https://www.dakarvente.com/annonce-10977-location-vhicule-chauffeur.html","30 000 FCFA","Castors","media/annonces/pics/thumbs/c85b445746abba358fa397ad3bbdde95.jpg"
"1708088849-33","https://dakarvente.com/index.php?page=annonces_categorie&id=8&sort=&nb=3","Voiture à louer","https://www.dakarvente.com/annonce-10857-voiture-louer.html","35 000 FCFA","Liberté 6","media/annonces/pics/thumbs/a6abc8b02f1e27068ee118ae1e98bc6d.jpg"
"1708088849-34","https://dakarvente.com/index.php?page=annonces_categorie&id=8&sort=&nb=3","Location auto Toyota pickup 4X4","https://www.dakarvente.com/annonce-10844-location-auto-toyota-pickup-4x4.html","35 000 FCFA","Nord Foire","media/annonces/pics/thumbs/3ba8b6a532d1b6506d19f814f1eb1d84.jpg"
"1708088849-35","https://dakarvente.com/index.php?page=annonces_categorie&id=8&sort=&nb=3","Chambre meublée à louer","https://www.dakarvente.com/annonce-10575-chambre-meuble-louer.html","30 000 FCFA","Liberté 6","media/annonces/pics/thumbs/dadf6b0582d4ace089af9ac77be24898.jpg"
"1708088849-36","https://dakarvente.com/index.php?page=annonces_categorie&id=8&sort=&nb=3","Voiture à louer","https://www.dakarvente.com/annonce-10576-voiture-louer.html","30 000 FCFA","Liberté 6","media/annonces/pics/thumbs/63c184a653a7430c35dec6e10200ca73.jpg"
"1708088849-37","https://dakarvente.com/index.php?page=annonces_categorie&id=8&sort=&nb=3","Location Toyota Hiace High Roof","https://www.dakarvente.com/annonce-9722-location-toyota-hiace-high-roof.html","50 000 FCFA","Dakar","media/annonces/pics/thumbs/af555cf9e6a04114da6bf191de2f5833.jpeg"
"1708088849-38","https://dakarvente.com/index.php?page=annonces_categorie&id=8&sort=&nb=3","location d'une camionnette","https://www.dakarvente.com/annonce-9670-location-d-une-camionnette.html","60 000 FCFA","Dakar","media/annonces/pics/thumbs/54b809bc3e85765d11d714b5b5fc7285.jpg"
"1708088849-39","https://dakarvente.com/index.php?page=annonces_categorie&id=8&sort=&nb=3","Ford Transit utilitaire Van R.A.S","https://www.dakarvente.com/annonce-9536-ford-transit-utilitaire-van-ras.html","3 800 000 FCFA","Dakar","media/annonces/pics/thumbs/d33e0b3987ac187de7c886c977bf3a4b.jpg"
"1708088849-40","https://dakarvente.com/index.php?page=annonces_categorie&id=8&sort=&nb=3","Location Ford Focus","https://www.dakarvente.com/annonce-9494-location-ford-focus.html","25 000 FCFA","Parcelles assainies","media/annonces/pics/thumbs/61533a74ed5a2effc06178f2775ba02c.jpeg"
"1708088849-41","https://dakarvente.com/index.php?page=annonces_categorie&id=8&sort=&nb=3","Location PICK UP L200","https://www.dakarvente.com/annonce-9392-location-pick-up-l200.html","30 000 FCFA","Dakar","media/annonces/pics/thumbs/26d6be439683910460a1ec6b9f5f7754.jpeg"
"1708088849-42","https://dakarvente.com/index.php?page=annonces_categorie&id=8&sort=&nb=3","Location Citroën C4 avec chauffeur","https://www.dakarvente.com/annonce-9244-location-c4-avec-chauffeur.html","20 000 FCFA","Dakar","media/annonces/pics/thumbs/a430065eb9cf3878a076f9077aab5961.jpeg"
"1708088849-43","https://dakarvente.com/index.php?page=annonces_categorie&id=8&sort=&nb=3","Location de voitures automatiques","https://www.dakarvente.com/annonce-8866-location-de-voitures-automatiques.html","30 000 FCFA","Biscuiterie","media/annonces/pics/thumbs/f7d21cc5ceb54f61c680badb73ca04ae.jpeg"
"1708088849-44","https://dakarvente.com/index.php?page=annonces_categorie&id=8&sort=&nb=3","LOCATION DE VEHICULES","https://www.dakarvente.com/annonce-8296-location-de-vehicules.html","25 000 FCFA","Golf","media/annonces/pics/thumbs/969d748bae0598f65357af0e44bfdd61.jpg"
"1708088849-45","https://dakarvente.com/index.php?page=annonces_categorie&id=8&sort=&nb=3","Location Toyota Corolla 2006","https://www.dakarvente.com/annonce-8161-location-toyota-corolla-2006.html","1 FCFA","Point E","media/annonces/pics/thumbs/3f0b2347a8ee81dc5b30706f85c7a5e5.jpg"
"1708088849-46","https://dakarvente.com/index.php?page=annonces_categorie&id=8&sort=&nb=3","A louer Chevrolet Cruze","https://www.dakarvente.com/annonce-7020-a-louer-chevrolet-cruze.html","25 000 FCFA","Dakar","media/annonces/pics/thumbs/f848b9b8bfc337fc7090feda97f62ee4.jpg"
"1708088849-47","https://dakarvente.com/index.php?page=annonces_categorie&id=8&sort=&nb=3","LOCATION VOITURE  DIESEL LUXUEUSE ET CLIMATISÉE","https://www.dakarvente.com/annonce-5907-location-voiture-diesel-luxueuse-et-climatise.html","35 000 FCFA","Dakar","media/annonces/pics/thumbs/3d4343508b445daa62b35353e7d2cd72.jpeg"
"1708088849-48","https://dakarvente.com/index.php?page=annonces_categorie&id=8&sort=&nb=3","location de voiture","https://www.dakarvente.com/annonce-5671-location-de-voiture.html","","Point E","media/annonces/pics/thumbs/03873d968751937dd0b6f20804410f2b.jpg"
"1708088849-49","https://dakarvente.com/index.php?page=annonces_categorie&id=8&sort=&nb=3","Location de voitures toutes marques","https://www.dakarvente.com/annonce-5637-l-occasion-de-voiture-tout-marque.html","","Grand Dakar","media/annonces/pics/thumbs/69231b06b7cd2f4addd38131c6a9cc70.jpg"
"1708088849-50","https://dakarvente.com/index.php?page=annonces_categorie&id=8&sort=&nb=3","VENTE DE VOITURES","https://www.dakarvente.com/annonce-5313-vente-de-voitures.html","","Point E","media/annonces/pics/thumbs/0202bca751d63fde1fab79a4ce8c77a1.jpg"
"1708088849-51","https://dakarvente.com/index.php?page=annonces_categorie&id=8&sort=&nb=3","location de voitures","https://www.dakarvente.com/annonce-5312-location-de-voiture.html","","Point E","media/annonces/pics/thumbs/d09b712935a513fca5eac54716e8dda3.jpg"
"1708088849-52","https://dakarvente.com/index.php?page=annonces_categorie&id=8&sort=&nb=3","Subaru legacy limited","https://www.dakarvente.com/annonce-5219-subaru-legacy-limited.html","35 000 FCFA","Liberté 6","media/annonces/pics/thumbs/cf3f36c6a79591ac9ec54acc4187548c.jpg"
"1708088849-53","https://dakarvente.com/index.php?page=annonces_categorie&id=8&sort=&nb=3","4 x 4 Renault Dacia Duster à louer","https://www.dakarvente.com/annonce-4939-4-x-4-renault-dacia-duster-a-louer.html","30 000 FCFA","Somone","media/annonces/pics/thumbs/1aa7d676885c15f13d36da9cead952d6.jpg"
"1708088849-54","https://dakarvente.com/index.php?page=annonces_categorie&id=8&sort=&nb=3","DAROU RAKHMANE TRADING location de voiture","https://www.dakarvente.com/annonce-4877-darou-rakhmane-trading-location-de-voiture.html","","Nord Foire","media/annonces/pics/thumbs/7bbfd3970eafb46aaf154b7f021356e0.jpg"
"1708088849-55","https://dakarvente.com/index.php?page=annonces_categorie&id=8&sort=&nb=3","Location de Ford focus","https://www.dakarvente.com/annonce-4757-darou-rakhmane-trading-location-de-ford-focus.html","40 000 FCFA","Nord Foire","media/annonces/pics/thumbs/f4610e2a44faba5ea20348be8ba5a2a1.jpg"
"1708088856-56","https://dakarvente.com/index.php?page=annonces_categorie&id=8&sort=&nb=2","Location ford Escape","https://www.dakarvente.com/annonce-31878-location-ford-escape.html","35 000 FCFA","Cité Keur Gorgui","media/annonces/pics/thumbs/b74a17e81c10239f4e107442212ba59e.jpg"
"1708088856-57","https://dakarvente.com/index.php?page=annonces_categorie&id=8&sort=&nb=2","Location de véhicules","https://www.dakarvente.com/annonce-31833-location-de-vhicules.html","40 000 FCFA","Cité Keur Gorgui","media/annonces/pics/thumbs/9ec4fb316f155696975d6d0e72cca3d4.jpg"
"1708088856-58","https://dakarvente.com/index.php?page=annonces_categorie&id=8&sort=&nb=2","Location Hyundai Elantra","https://www.dakarvente.com/annonce-31712-location-hyundai-elantra.html","35 000 FCFA","Derklé","media/annonces/pics/thumbs/63d2016232a9572ad839af671dd0b1a8.jpeg"
"1708088856-59","https://dakarvente.com/index.php?page=annonces_categorie&id=8&sort=&nb=2","Location voiture au mois","https://www.dakarvente.com/annonce-31510-location-voiture-au-mois.html","150 000 FCFA","Mamelles","media/annonces/pics/thumbs/672b89fa861497950a02440df5531289.jpeg"
"1708088856-60","https://dakarvente.com/index.php?page=annonces_categorie&id=8&sort=&nb=2","Location voiture au mois","https://www.dakarvente.com/annonce-31337-location-voiture-au-mois.html","175 000 FCFA","Mamelles","media/annonces/pics/thumbs/66eb3f1225e86642e9709d6d4bc66ce1.jpeg"
"1708088856-61","https://dakarvente.com/index.php?page=annonces_categorie&id=8&sort=&nb=2","Location Kia optima 2014","https://www.dakarvente.com/annonce-31247-location-kia-optima-2014.html","30 000 FCFA","Sacré Coeur","media/annonces/pics/thumbs/77346e92d61319891a8827f0f8074230.jpeg"
"1708088856-62","https://dakarvente.com/index.php?page=annonces_categorie&id=8&sort=&nb=2","Location Dacia Duster 2014","https://www.dakarvente.com/annonce-30902-location-dacia-duster-2014.html","30 000 FCFA","Keur Massar","media/annonces/pics/thumbs/bc17691a65caf21690d1add4c44e8683.jpeg"
"1708088856-63","https://dakarvente.com/index.php?page=annonces_categorie&id=8&sort=&nb=2","Location Toyota Illux manuel","https://www.dakarvente.com/annonce-30781-location-toyota-illux-manuel.html","","Dakar","media/annonces/pics/thumbs/9e2d80363d819f821f6360e8b6f25955.jpg"
"1708088856-64","https://dakarvente.com/index.php?page=annonces_categorie&id=8&sort=&nb=2","RANGE ROVER SPORT KIT SVR","https://www.dakarvente.com/annonce-30777-range-rover-sport-kit-svr.html","","Dakar","media/annonces/pics/thumbs/f60c368c0c86a3a3e7b1d247e78cf57c.jpg"
"1708088856-65","https://dakarvente.com/index.php?page=annonces_categorie&id=8&sort=&nb=2","Location Ford Fusion","https://www.dakarvente.com/annonce-30739-location-ford-fusion.html","","Dakar","media/annonces/pics/thumbs/5c96f1b79ed5de83f173c0960c19e550.jpg"
"1708088856-66","https://dakarvente.com/index.php?page=annonces_categorie&id=8&sort=&nb=2","Location MERCEDES GLE","https://www.dakarvente.com/annonce-30734-location-mercedes-gle.html","","Dakar","media/annonces/pics/thumbs/8ab32bbe5304be19d4e4175c274d245a.jpg"
"1708088856-67","https://dakarvente.com/index.php?page=annonces_categorie&id=8&sort=&nb=2","LOCATION DE VOITURES DE LUXE","https://www.dakarvente.com/annonce-30727-location-de-voitures-de-luxe.html","","Dakar","media/annonces/pics/thumbs/8226bb714122c57b40c699007dafa9ab.jpg"
"1708088856-68","https://dakarvente.com/index.php?page=annonces_categorie&id=8&sort=&nb=2","Location kia sorento 7 places climatisé","https://www.dakarvente.com/annonce-30686-location-kia-sorento-7-places-climatis.html","","Dakar","media/annonces/pics/thumbs/22e66423cca478a52944a820ba9b1396.jpg"
"1708088856-69","https://dakarvente.com/index.php?page=annonces_categorie&id=8&sort=&nb=2","Location de voiture Renault megane scenic","https://www.dakarvente.com/annonce-29861-location-de-voiture-renault-megane-scenic.html","12 000 FCFA","Dakar","media/annonces/pics/thumbs/c9d920b597033119e9f55b9cec29fc52.jpg"
"1708088856-70","https://dakarvente.com/index.php?page=annonces_categorie&id=8&sort=&nb=2","Location véhicule pick up","https://www.dakarvente.com/annonce-29156-location-vhicule-pick-up.html","40 000 FCFA","Gueule tapée","media/annonces/pics/thumbs/ab09f394513bb158ef4709676028a99e.jpeg"
"1708088856-71","https://dakarvente.com/index.php?page=annonces_categorie&id=8&sort=&nb=2","LOCATION DE VOITURES","https://www.dakarvente.com/annonce-28966-location-de-voitures.html","25 000 FCFA","VDN","media/annonces/pics/thumbs/a6f72ffa1ae409affa4ce44293a96782.jpeg"
"1708088856-72","https://dakarvente.com/index.php?page=annonces_categorie&id=8&sort=&nb=2","Location de véhicule","https://www.dakarvente.com/annonce-28677-location-de-vhicule.html","30 000 FCFA","Médina","media/annonces/pics/thumbs/77e9e5651e254b17a107b0156173523c.jpg"
"1708088856-73","https://dakarvente.com/index.php?page=annonces_categorie&id=8&sort=&nb=2","Location de Voitures","https://www.dakarvente.com/annonce-28446-location-de-voitures.html","35 000 FCFA","Ouakam","media/annonces/pics/thumbs/b956cb97696ec9ce742b376e14c47317.jpeg"
"1708088856-74","https://dakarvente.com/index.php?page=annonces_categorie&id=8&sort=&nb=2","Location de véhicule","https://www.dakarvente.com/annonce-28293-location-de-vhicule.html","25 000 FCFA","Grand Dakar","media/annonces/pics/thumbs/c2ba99cfa4a4a26284a2257127524084.jpeg"
"1708088856-75","https://dakarvente.com/index.php?page=annonces_categorie&id=8&sort=&nb=2","Location de voiture","https://www.dakarvente.com/annonce-27952-location-de-voiture.html","30 000 FCFA","Dakar","media/annonces/pics/thumbs/ddbacc1b3d4777df6e99d9a7a40f088f.jpg"
"1708088856-76","https://dakarvente.com/index.php?page=annonces_categorie&id=8&sort=&nb=2","Location de vehicule","https://www.dakarvente.com/annonce-26926-location-de-vehicule.html","25 000 FCFA","Ouakam","media/annonces/pics/thumbs/fddd2d1e9f19de03fc3969bafe777a6f.jpg"
"1708088856-77","https://dakarvente.com/index.php?page=annonces_categorie&id=8&sort=&nb=2","Location de voiture","https://www.dakarvente.com/annonce-26795-location-de-voiture.html","25 000 FCFA","Dakar","media/annonces/pics/thumbs/c646f3b2139194299fede673c1faea66.jpeg"
"1708088856-78","https://dakarvente.com/index.php?page=annonces_categorie&id=8&sort=&nb=2","Location Kia Sportage","https://www.dakarvente.com/annonce-26727-location-kia-sportage.html","30 000 FCFA","Guédiawaye","media/annonces/pics/thumbs/0396cdf51d37ef2a9a309ed317fbd64f.jpg"
"1708088856-79","https://dakarvente.com/index.php?page=annonces_categorie&id=8&sort=&nb=2","Location de voitures de luxe","https://www.dakarvente.com/annonce-26186-location-de-voitures-de-luxe.html","100 000 FCFA","Almadies","media/annonces/pics/thumbs/cc7954aa16b959cab704738daa880724.jpeg"
"1708088856-80","https://dakarvente.com/index.php?page=annonces_categorie&id=8&sort=&nb=2","Location Ford Explorer","https://www.dakarvente.com/annonce-25386-location-ford-explorer.html","40 000 FCFA","Sacré Coeur","media/annonces/pics/thumbs/4397b768e3d59efd741f125c6bb72b18.jpg"
"1708088856-81","https://dakarvente.com/index.php?page=annonces_categorie&id=8&sort=&nb=2","Location de voiture","https://www.dakarvente.com/annonce-25263-location-de-voiture.html","15 000 FCFA","Ouakam","media/annonces/pics/thumbs/4230267e1bcbb509e8085137f23e8e80.jpg"
"1708088856-82","https://dakarvente.com/index.php?page=annonces_categorie&id=8&sort=&nb=2","Location de véhicules","https://www.dakarvente.com/annonce-23594-location-de-vhicules.html","15 000 FCFA","Ouakam","img/nophoto.png"
"1708088856-83","https://dakarvente.com/index.php?page=annonces_categorie&id=8&sort=&nb=2","Location de Bus","https://www.dakarvente.com/annonce-23112-location-de-bus.html","10 000 FCFA","Keur Massar","media/annonces/pics/thumbs/ce54f694993987cf8838f9c7993bbf9f.jpeg"
"1708088856-84","https://dakarvente.com/index.php?page=annonces_categorie&id=8&sort=&nb=2","Océan Afrique","https://www.dakarvente.com/annonce-23101-ocan-afrique.html","","Ouest Foire","media/annonces/pics/thumbs/8ce41b47ac18801afdeace732593f2e9.png"
"1708088856-85","https://dakarvente.com/index.php?page=annonces_categorie&id=8&sort=&nb=2","Location de voiture","https://www.dakarvente.com/annonce-21658-location-de-voiture.html","100 FCFA","Cité Keur Gorgui","media/annonces/pics/thumbs/64e82509f242471e25bf59d8958434e0.jpeg"
"1708088856-86","https://dakarvente.com/index.php?page=annonces_categorie&id=8&sort=&nb=2","location Mitsubishi L200 climatisée","https://www.dakarvente.com/annonce-21343-location-mitsubishi-l200-climatise.html","","HLM","media/annonces/pics/thumbs/1996e01263ccd8bd9e6a1b3b20fa906f.jpeg"
"1708088856-87","https://dakarvente.com/index.php?page=annonces_categorie&id=8&sort=&nb=2","Location PEUGEOT PARTENAIRE","https://www.dakarvente.com/annonce-21044-location-peugeot-partenaire.html","25 000 FCFA","Ouakam","media/annonces/pics/thumbs/1a438c0ac81b0d1436d411691160cc7c.jpg"
"1708088856-88","https://dakarvente.com/index.php?page=annonces_categorie&id=8&sort=&nb=2","Kia Picanto à louer avec chauffeur","https://www.dakarvente.com/annonce-20803-kia-picanto-louer-avec-chauffeur.html","25 000 FCFA","HLM","media/annonces/pics/thumbs/34df488dea6548bd76f1025f25b03809.jpg"
"1708088856-89","https://dakarvente.com/index.php?page=annonces_categorie&id=8&sort=&nb=2","Véhicule à louer","https://www.dakarvente.com/annonce-20208-vhicule-louer.html","15 000 FCFA","Ouakam","media/annonces/pics/thumbs/d0fc0498bf0601c18995806c838ce947.jpg"
"1708088856-90","https://dakarvente.com/index.php?page=annonces_categorie&id=8&sort=&nb=2","Location de voiture","https://www.dakarvente.com/annonce-19897-location-de-voiture.html","35 000 FCFA","Grand Yoff","media/annonces/pics/thumbs/4dd3ab855d92c4ca9b0ec3b38a8c13f1.jpeg"
"1708088856-91","https://dakarvente.com/index.php?page=annonces_categorie&id=8&sort=&nb=2","BiTi - Réservation de transport de l'AIBD","https://www.dakarvente.com/annonce-19896-biti-rservation-de-transport-de-l-aibd.html","23 000 FCFA","Dakar","media/annonces/pics/thumbs/b521cd3c86708c8610017ab998af34c9.jpeg"
"1708088856-92","https://dakarvente.com/index.php?page=annonces_categorie&id=8&sort=&nb=2","Location et vente","https://www.dakarvente.com/annonce-19702-location-et-vente.html","45 000 FCFA","Médina","media/annonces/pics/thumbs/b0f6945834cc5405b02c5d173d443646.jpeg"
"1708088856-93","https://dakarvente.com/index.php?page=annonces_categorie&id=8&sort=&nb=2","Location et vente","https://www.dakarvente.com/annonce-19701-location-et-vente.html","35 000 FCFA","Médina","media/annonces/pics/thumbs/3542fef81f365c35adde006387704ac7.jpeg"
"1708088856-94","https://dakarvente.com/index.php?page=annonces_categorie&id=8&sort=&nb=2","Location Ford focus","https://www.dakarvente.com/annonce-19395-location-ford-focus.html","30 000 FCFA","Dakar","media/annonces/pics/thumbs/c493dd93c7f53a76e2a3e56bad829219.jpg"
"1708088856-95","https://dakarvente.com/index.php?page=annonces_categorie&id=8&sort=&nb=2","LOCATION HYUNDAI ELANTRA","https://www.dakarvente.com/annonce-19396-location-hyundai-elantra.html","30 000 FCFA","Point E","media/annonces/pics/thumbs/50d2bee78f4c77d36a04517dc80219cc.jpg"
"1708088856-96","https://dakarvente.com/index.php?page=annonces_categorie&id=8&sort=&nb=2","LOCATION RANGE ROVER","https://www.dakarvente.com/annonce-19397-location-range-rover.html","200 000 FCFA","Dakar","media/annonces/pics/thumbs/d2f68c5ce9ff77083e93f3ee4f43166d.jpg"
"1708088856-97","https://dakarvente.com/index.php?page=annonces_categorie&id=8&sort=&nb=2","Location Pick up Mitsubishi","https://www.dakarvente.com/annonce-19234-location-pick-up-mitsubishi.html","40 000 FCFA","Bene Tally","media/annonces/pics/thumbs/177bf79baf4909e27f445af1a4865a2c.jpg"
"1708088860-98","https://dakarvente.com/index.php?page=annonces_categorie&id=8&sort=&nb=1","LOCATION DE VOITURE/ TRANSPORT AIBD","https://www.dakarvente.com/annonce-42798-location-de-voiture-transport-aibd.html","","Dakar","media/annonces/pics/thumbs/77908de788c792bdb8f54dc26d794f5e.jpg"
"1708088860-99","https://dakarvente.com/index.php?page=annonces_categorie&id=8&sort=&nb=1","Location Kia K7","https://www.dakarvente.com/annonce-42658-location-kia-k7.html","35 000 FCFA","Ngor","media/annonces/pics/thumbs/7a8e80bdfd9d264d9ad2d5b680ad88f8.jpeg"
"1708088860-100","https://dakarvente.com/index.php?page=annonces_categorie&id=8&sort=&nb=1","LOCATION VÉHICULES FORD","https://www.dakarvente.com/annonce-41910-location-vhicules-ford.html","30 000 FCFA","Thiaroye","media/annonces/pics/thumbs/b8ed7832b592f31124f3d36101b68ff1.jpg"
"1708088860-101","https://dakarvente.com/index.php?page=annonces_categorie&id=8&sort=&nb=1","Ford Fusion titanium","https://www.dakarvente.com/annonce-41289-ford-fusion-titanium.html","35 000 FCFA","Dakar","media/annonces/pics/thumbs/fa46aa05d5236228467be1ba5b7f72eb.jpeg"
"1708088860-102","https://dakarvente.com/index.php?page=annonces_categorie&id=8&sort=&nb=1","Hyundai Elantra en location","https://www.dakarvente.com/annonce-40945-hyundai-elantra-en-location.html","35 000 FCFA","Dakar","media/annonces/pics/thumbs/3acec3b6fca4f3fe02c324d45afc312c.jpeg"
"1708088860-103","https://dakarvente.com/index.php?page=annonces_categorie&id=8&sort=&nb=1","Ford fusion à louer","https://www.dakarvente.com/annonce-40828-ford-fusion-louer.html","35 000 FCFA","Dakar","media/annonces/pics/thumbs/8b4762b6b1e7d1352649c3cdafc0d1c8.jpeg"
"1708088860-104","https://dakarvente.com/index.php?page=annonces_categorie&id=8&sort=&nb=1","Ford Escape en location","https://www.dakarvente.com/annonce-40827-ford-escape-en-location.html","40 000 FCFA","Dakar","media/annonces/pics/thumbs/12eeed9f0ef0fd9983084a2cfd1262d6.jpeg"
"1708088860-105","https://dakarvente.com/index.php?page=annonces_categorie&id=8&sort=&nb=1","Ford fusion à louer","https://www.dakarvente.com/annonce-40826-ford-fusion-louer.html","30 000 FCFA","Dakar","media/annonces/pics/thumbs/e363dc6a79e6142e6d781c07efe010ef.jpeg"
"1708088860-106","https://dakarvente.com/index.php?page=annonces_categorie&id=8&sort=&nb=1","Jeep Cherokee à louer","https://www.dakarvente.com/annonce-40825-jeep-cherokee-louer.html","35 000 FCFA","Dakar","media/annonces/pics/thumbs/40219d38c78f27d9e53b10033ae40f21.jpeg"
"1708088860-107","https://dakarvente.com/index.php?page=annonces_categorie&id=8&sort=&nb=1","KIA Sportage à louer","https://www.dakarvente.com/annonce-40824-kia-sportage-louer.html","45 000 FCFA","Dakar","media/annonces/pics/thumbs/7180dfbf865d281c45528d8561672b49.jpeg"
"1708088860-108","https://dakarvente.com/index.php?page=annonces_categorie&id=8&sort=&nb=1","Pick-up disponible en location","https://www.dakarvente.com/annonce-40822-pick-up-disponible-en-location.html","50 000 FCFA","Dakar","media/annonces/pics/thumbs/c5a5df6f965aa0462bd6b8d7db11624c.jpeg"
"1708088860-109","https://dakarvente.com/index.php?page=annonces_categorie&id=8&sort=&nb=1","Mitsubishi à louer","https://www.dakarvente.com/annonce-40823-mitsubishi-louer.html","60 000 FCFA","Dakar","media/annonces/pics/thumbs/e9916e129c45b587c30740733f1d9341.jpeg"
"1708088860-110","https://dakarvente.com/index.php?page=annonces_categorie&id=8&sort=&nb=1","Prado Land cruiser en location","https://www.dakarvente.com/annonce-40799-prado-land-cruiser-en-location.html","95 000 FCFA","Dakar","media/annonces/pics/thumbs/e17176d6edfc10cdbae3a84f8fb27ff5.jpeg"
"1708088860-111","https://dakarvente.com/index.php?page=annonces_categorie&id=8&sort=&nb=1","Mercedes CIA Fully disponible en location","https://www.dakarvente.com/annonce-40798-mercedes-cia-fully-disponible-en-location.html","80 000 FCFA","Dakar","media/annonces/pics/thumbs/51e8dcd8dffa1bac06d10046a94c5c24.jpeg"
"1708088860-112","https://dakarvente.com/index.php?page=annonces_categorie&id=8&sort=&nb=1","Hyundai Elantra en location","https://www.dakarvente.com/annonce-40797-hyundai-elantra-en-location.html","40 000 FCFA","Dakar","media/annonces/pics/thumbs/2904d3415e9778f79b36354ca0f0b2b0.jpeg"
"1708088860-113","https://dakarvente.com/index.php?page=annonces_categorie&id=8&sort=&nb=1","Madza Cx5 très propres en location","https://www.dakarvente.com/annonce-40795-madza-cx5-trs-propres-en-location.html","45 000 FCFA","Dakar","media/annonces/pics/thumbs/bc0d0428553c15ddaf2286ee396d55d8.jpeg"
"1708088860-114","https://dakarvente.com/index.php?page=annonces_categorie&id=8&sort=&nb=1","VOITURE A LOUER POUR LES PETITES COURSES À DAKAR","https://www.dakarvente.com/annonce-40485-voiture-a-louer-pour-les-petites-courses-dakar.html","","Dakar","media/annonces/pics/thumbs/c83270edff336dcdcf40f3cf31f2d53d.jpg"
"1708088860-115","https://dakarvente.com/index.php?page=annonces_categorie&id=8&sort=&nb=1","Location voiture avec chauffeur","https://www.dakarvente.com/annonce-39141-location-voiture-avec-chauffeur.html","50 000 FCFA","Sud Foire","media/annonces/pics/thumbs/1009afe2afce736fce5fdb4500a9e8ab.jpg"
"1708088860-116","https://dakarvente.com/index.php?page=annonces_categorie&id=8&sort=&nb=1","Location de véhicules","https://www.dakarvente.com/annonce-38904-location-de-vhicules.html","30 000 FCFA","Cité Keur Gorgui","media/annonces/pics/thumbs/2ccfc754c0e703ea20a8a9975b3b52ee.jpg"
"1708088860-117","https://dakarvente.com/index.php?page=annonces_categorie&id=8&sort=&nb=1","Location de véhicules","https://www.dakarvente.com/annonce-38875-location-de-vhicules.html","30 000 FCFA","Cité Keur Gorgui","media/annonces/pics/thumbs/97350869f41c1220ef0f0d55d319f6d2.jpg"
"1708088860-118","https://dakarvente.com/index.php?page=annonces_categorie&id=8&sort=&nb=1","Location de véhicules","https://www.dakarvente.com/annonce-38874-location-de-vhicules.html","30 000 FCFA","Cité Keur Gorgui","media/annonces/pics/thumbs/5cb15db2bfb83c0dfd7f894b6d5cd264.jpg"
"1708088860-119","https://dakarvente.com/index.php?page=annonces_categorie&id=8&sort=&nb=1","LOCATION VEHICULE","https://www.dakarvente.com/annonce-38819-location-vehicule.html","35 000 FCFA","Mermoz","media/annonces/pics/thumbs/b3be8ecdc35663cf6593a0ced4f04ec2.jpg"
"1708088860-120","https://dakarvente.com/index.php?page=annonces_categorie&id=8&sort=&nb=1","Location de camion","https://www.dakarvente.com/annonce-38410-location-de-camion.html","","Scat Urbam","media/annonces/pics/thumbs/4b95044ebe9020679f60e582d7215cde.jpg"
"1708088860-121","https://dakarvente.com/index.php?page=annonces_categorie&id=8&sort=&nb=1","Location auto full option","https://www.dakarvente.com/annonce-37290-location-auto-full-option.html","35 000 FCFA","Parcelles assainies","media/annonces/pics/thumbs/ec8a29a9c622218a71a6a78d2bca05a0.jpeg"
"1708088860-122","https://dakarvente.com/index.php?page=annonces_categorie&id=8&sort=&nb=1","Location de voiture Hyundai","https://www.dakarvente.com/annonce-37200-location-de-voiture-hyundai.html","35 000 FCFA","Parcelles assainies","media/annonces/pics/thumbs/b810944a03d9f0524315fd6956c9a5a0.jpeg"
"1708088860-123","https://dakarvente.com/index.php?page=annonces_categorie&id=8&sort=&nb=1","Location de voitures","https://www.dakarvente.com/annonce-37124-location-de-voitures.html","","Yoff","media/annonces/pics/thumbs/1f1d7d80129ec57522de0e17f7365baa.jpg"
"1708088860-124","https://dakarvente.com/index.php?page=annonces_categorie&id=8&sort=&nb=1","LOCATION DE CAMION SONORISE","https://www.dakarvente.com/annonce-36898-location-de-camion-sonorise.html","250 000 FCFA","Sacré Coeur","media/annonces/pics/thumbs/a32dfa65c747f0f602320b82f2e7a571.png"
"1708088860-125","https://dakarvente.com/index.php?page=annonces_categorie&id=8&sort=&nb=1","Vente et location de voitures","https://www.dakarvente.com/annonce-36889-vente-et-location-de-voitures.html","25 000 FCFA","Almadies","media/annonces/pics/thumbs/7e33e143168aec4aede63e17a82a1e42.jpg"
"1708088860-126","https://dakarvente.com/index.php?page=annonces_categorie&id=8&sort=&nb=1","Transfert aéroport  avec voiture climatisée. 30 000 Frs.","https://www.dakarvente.com/annonce-36650-transfert-aroport-avec-voiture-climatise-30-000-frs.html","30 000 FCFA","Dakar","media/annonces/pics/thumbs/ea4f090e4d47fa784a544f00961caedf.jpg"
"1708088860-127","https://dakarvente.com/index.php?page=annonces_categorie&id=8&sort=&nb=1","Location de véhicules","https://www.dakarvente.com/annonce-36433-location-de-vhicules.html","35 000 FCFA","Parcelles assainies","media/annonces/pics/thumbs/cae385dd37c3c2f27a84f1c202c13043.jpeg"
"1708088860-128","https://dakarvente.com/index.php?page=annonces_categorie&id=8&sort=&nb=1","LOCATION TOYOTA FORTUNER AVEC CHAUFFEUR A BON PRIX","https://www.dakarvente.com/annonce-36168-location-toyota-fortuner-avec-chauffeur-a-bon-prix.html","65 000 FCFA","Liberté 2","media/annonces/pics/thumbs/8aa9647501fc44e2b5b5be3d727c84af.jpg"
"1708088860-129","https://dakarvente.com/index.php?page=annonces_categorie&id=8&sort=&nb=1","Location de voiture Hyundai Full options","https://www.dakarvente.com/annonce-36143-location-de-voiture-hyundai-full-options.html","40 000 FCFA","Parcelles assainies","media/annonces/pics/thumbs/176402402f89ef80919b27d4cbec400b.jpeg"
"1708088860-130","https://dakarvente.com/index.php?page=annonces_categorie&id=8&sort=&nb=1","Ford fusion à louer","https://www.dakarvente.com/annonce-35680-ford-fusion-louer.html","40 000 FCFA","Almadies","media/annonces/pics/thumbs/01509e3011a7c91682af35ff3b0e8316.jpg"
"1708088860-131","https://dakarvente.com/index.php?page=annonces_categorie&id=8&sort=&nb=1","Ford fusion titanuim","https://www.dakarvente.com/annonce-35652-ford-fusion-titanuim.html","40 000 FCFA","Almadies","media/annonces/pics/thumbs/0d52b4d8acefa6c5e0c62a7618361239.jpg"
"1708088860-132","https://dakarvente.com/index.php?page=annonces_categorie&id=8&sort=&nb=1","Location de voiture","https://www.dakarvente.com/annonce-33917-location-de-voiture.html","25 000 FCFA","Dieuppeul","media/annonces/pics/thumbs/c3bff533abb8cc6bbaf6be0b53537ddd.jpeg"
"1708088860-133","https://dakarvente.com/index.php?page=annonces_categorie&id=8&sort=&nb=1","Salon 7 places","https://www.dakarvente.com/annonce-33735-salon-7-places.html","375 000 FCFA","Sicap liberté","media/annonces/pics/thumbs/bc82e5635e2ddf06a079a2e1404e93f6.jpg"
"1708088860-134","https://dakarvente.com/index.php?page=annonces_categorie&id=8&sort=&nb=1","Pelle Poclain","https://www.dakarvente.com/annonce-33679-pelle-poclain.html","275 000 FCFA","Diamniadio","media/annonces/pics/thumbs/5d146844b9b1ff1d346fe546342ad7fa.jpeg"
"1708088860-135","https://dakarvente.com/index.php?page=annonces_categorie&id=8&sort=&nb=1","Compacteur","https://www.dakarvente.com/annonce-33354-compacteur.html","160 000 FCFA","Dakar","media/annonces/pics/thumbs/80867e028740890f3f35d111b30ec9e3.jpeg"
"1708088860-136","https://dakarvente.com/index.php?page=annonces_categorie&id=8&sort=&nb=1","Transport de Voyagistes","https://www.dakarvente.com/annonce-33275-transport-de-voyagistes.html","22 000 FCFA","Maristes","media/annonces/pics/thumbs/7c635c24331cb9419ef3827a8a674ba5.jpg"
"1708088860-137","https://dakarvente.com/index.php?page=annonces_categorie&id=8&sort=&nb=1","Location de véhicule","https://www.dakarvente.com/annonce-32912-location-de-vhicule.html","","Ouest Foire","media/annonces/pics/thumbs/944603006f8f9739f95db529ac95f779.jpg"
"1708088860-138","https://dakarvente.com/index.php?page=annonces_categorie&id=8&sort=&nb=1","Pelle Poclain","https://www.dakarvente.com/annonce-32431-pelle-poclain.html","275 000 FCFA","Diamniadio","media/annonces/pics/thumbs/8cf6adeb807231f2037ac1c62eb38d99.jpeg"
"1708088860-139","https://dakarvente.com/index.php?page=annonces_categorie&id=8&sort=&nb=1","Location de voiture","https://www.dakarvente.com/annonce-32027-location-de-voiture.html","50 000 FCFA","Mbao","media/annonces/pics/thumbs/02e1669983a243628c85266d0ef55629.jpeg"
